{
    "20": {
        "random_seed": 20,
        "SIGMA_8": 0.8094353009106943,
        "L_X": 41.40889264897047,
        "NU_X_THRESH": 182.29184954030165,
        "F_STAR10": -1.6389575821089535,
        "ALPHA_STAR": -0.47396037158492965,
        "F_ESC10": -0.15552280883729974,
        "ALPHA_ESC": 0.2461492453981018,
        "t_STAR": 0.8233081377589422,
        "SIGMA_SFR_LIM": 0.0,
        "M_TURN": 5.229319557628926
    },
    "21": {
        "random_seed": 21,
        "SIGMA_8": 0.8109364045834102,
        "L_X": 41.4140044906983,
        "NU_X_THRESH": 1222.5275005649382,
        "F_STAR10": -2.2595072226708512,
        "ALPHA_STAR": -0.3717234812230017,
        "F_ESC10": -0.7199055395523333,
        "ALPHA_ESC": 0.40030997114103406,
        "t_STAR": 0.9579508958602394,
        "SIGMA_SFR_LIM": 0.0,
        "M_TURN": 8.284474259190068
    },
    "22": {
        "random_seed": 22,
        "SIGMA_8": 0.8121220321531987,
        "L_X": 38.99028759734818,
        "NU_X_THRESH": 1436.47730818446,
        "F_STAR10": -2.6400886743488026,
        "ALPHA_STAR": 0.31480428096680224,
        "F_ESC10": -1.47325660509868,
        "ALPHA_ESC": 0.03062895133885757,
        "t_STAR": 0.4933866791966658,
        "SIGMA_SFR_LIM": 0.0,
        "M_TURN": 7.394111881295119
    },
    "23": {
        "random_seed": 23,
        "SIGMA_8": 0.8093952079410625,
        "L_X": 40.620193762569045,
        "NU_X_THRESH": 820.8749741063582,
        "F_STAR10": -2.6442604444268243,
        "ALPHA_STAR": 0.7469343030640319,
        "F_ESC10": -0.3209910286307456,
        "ALPHA_ESC": 0.1980229247249503,
        "t_STAR": 0.09588942710644545,
        "SIGMA_SFR_LIM": 0.0,
        "M_TURN": 8.938145052156607
    },
    "24": {
        "random_seed": 24,
        "SIGMA_8": 0.8094361038393012,
        "L_X": 41.309065736186994,
        "NU_X_THRESH": 779.4356124291239,
        "F_STAR10": -2.462604272531701,
        "ALPHA_STAR": 0.16367379680424055,
        "F_ESC10": -1.982558639497982,
        "ALPHA_ESC": -0.4550469064159065,
        "t_STAR": 0.6186525643703567,
        "SIGMA_SFR_LIM": 0.0,
        "M_TURN": 8.626869057450104
    },
    "25": {
        "random_seed": 25,
        "SIGMA_8": 0.8108086811186541,
        "L_X": 41.087391388826596,
        "NU_X_THRESH": 136.4227722207022,
        "F_STAR10": -1.5867810104801383,
        "ALPHA_STAR": 0.5574349882699745,
        "F_ESC10": -2.1458657603483715,
        "ALPHA_ESC": -0.24246313260719987,
        "t_STAR": 0.2945947018672855,
        "SIGMA_SFR_LIM": 0.0,
        "M_TURN": 6.893149641914762
    },
    "26": {
        "random_seed": 26,
        "SIGMA_8": 0.8117311948812216,
        "L_X": 39.81019561829518,
        "NU_X_THRESH": 338.2929390790374,
        "F_STAR10": -2.25515577926018,
        "ALPHA_STAR": 0.6893623031654839,
        "F_ESC10": -1.3883917901333311,
        "ALPHA_ESC": -0.22471003969467285,
        "t_STAR": 0.4083559573729039,
        "SIGMA_SFR_LIM": 0.0,
        "M_TURN": 5.854816362141427
    },
    "27": {
        "random_seed": 27,
        "SIGMA_8": 0.8113249236444829,
        "L_X": 39.97349653928038,
        "NU_X_THRESH": 1379.27645614177,
        "F_STAR10": -2.425781852303668,
        "ALPHA_STAR": 0.6926906063520435,
        "F_ESC10": -1.2477956284276057,
        "ALPHA_ESC": -0.8677691712068263,
        "t_STAR": 0.8775528048890842,
        "SIGMA_SFR_LIM": 0.0,
        "M_TURN": 5.8385269228510905
    },
    "28": {
        "random_seed": 28,
        "SIGMA_8": 0.8109662473645384,
        "L_X": 38.90971435242574,
        "NU_X_THRESH": 1211.9109537492686,
        "F_STAR10": -2.825950085661597,
        "ALPHA_STAR": 0.09119130834554101,
        "F_ESC10": -1.1969542207172934,
        "ALPHA_ESC": -0.04023473543841449,
        "t_STAR": 0.8954261686873709,
        "SIGMA_SFR_LIM": 0.0,
        "M_TURN": 5.052448937164339
    },
    "29": {
        "random_seed": 29,
        "SIGMA_8": 0.8107001338782892,
        "L_X": 41.876589744957414,
        "NU_X_THRESH": 496.7794897195046,
        "F_STAR10": -1.013928076929092,
        "ALPHA_STAR": 0.7552895735410705,
        "F_ESC10": -2.4783545913787677,
        "ALPHA_ESC": 0.25122068523808605,
        "t_STAR": 0.8949869435774113,
        "SIGMA_SFR_LIM": 0.0,
        "M_TURN": 5.635827835900843
    },
    "30": {
        "random_seed": 30,
        "SIGMA_8": 0.8106641914710132,
        "L_X": 40.4855347063604,
        "NU_X_THRESH": 242.93473478492686,
        "F_STAR10": -0.6368321423326635,
        "ALPHA_STAR": 0.07857039575034341,
        "F_ESC10": -1.4135797541854014,
        "ALPHA_ESC": -0.26423339174415816,
        "t_STAR": 0.12197113591243994,
        "SIGMA_SFR_LIM": 0.0,
        "M_TURN": 5.970711438943594
    },
    "31": {
        "random_seed": 31,
        "SIGMA_8": 0.8106466509033935,
        "L_X": 41.7284911690477,
        "NU_X_THRESH": 1132.6771320615235,
        "F_STAR10": -1.6191200852233338,
        "ALPHA_STAR": -0.02963141464238117,
        "F_ESC10": -2.0275411905383174,
        "ALPHA_ESC": -0.3337548835549986,
        "t_STAR": 0.17822752049949003,
        "SIGMA_SFR_LIM": 0.0,
        "M_TURN": 6.535197852344715
    },
    "32": {
        "random_seed": 32,
        "SIGMA_8": 0.812753505821061,
        "L_X": 41.201508081469505,
        "NU_X_THRESH": 985.576189772062,
        "F_STAR10": -2.465413981587659,
        "ALPHA_STAR": 0.32464321403081176,
        "F_ESC10": -1.5458059526121275,
        "ALPHA_ESC": -0.7634085756516196,
        "t_STAR": 0.46975819635209676,
        "SIGMA_SFR_LIM": 0.0,
        "M_TURN": 6.485615681695613
    },
    "33": {
        "random_seed": 33,
        "SIGMA_8": 0.8122418062788895,
        "L_X": 39.02143635685059,
        "NU_X_THRESH": 1393.3431582534827,
        "F_STAR10": -1.7504711865372267,
        "ALPHA_STAR": -0.3076706795422247,
        "F_ESC10": -1.7889439844387764,
        "ALPHA_ESC": 0.3755338158739938,
        "t_STAR": 0.6965871580085479,
        "SIGMA_SFR_LIM": 0.0,
        "M_TURN": 5.856858417667776
    },
    "34": {
        "random_seed": 34,
        "SIGMA_8": 0.8120015196107677,
        "L_X": 39.73099073643567,
        "NU_X_THRESH": 1023.2900985016053,
        "F_STAR10": -1.152810307578449,
        "ALPHA_STAR": 0.8335439502101514,
        "F_ESC10": -1.0000241127815257,
        "ALPHA_ESC": -0.47585285344764505,
        "t_STAR": 0.7496484769332433,
        "SIGMA_SFR_LIM": 0.0,
        "M_TURN": 8.247565166432622
    },
    "35": {
        "random_seed": 35,
        "SIGMA_8": 0.8119872223299243,
        "L_X": 38.65021585909987,
        "NU_X_THRESH": 375.95982365616743,
        "F_STAR10": -1.7369507030708744,
        "ALPHA_STAR": 0.8323618614812063,
        "F_ESC10": -2.696242999793338,
        "ALPHA_ESC": -0.026545932290564345,
        "t_STAR": 0.3906636316300297,
        "SIGMA_SFR_LIM": 0.0,
        "M_TURN": 5.97684182189972
    },
    "36": {
        "random_seed": 36,
        "SIGMA_8": 0.8093717398573398,
        "L_X": 39.320674276373445,
        "NU_X_THRESH": 679.5131797252301,
        "F_STAR10": -1.311802300750289,
        "ALPHA_STAR": 0.16449438669730065,
        "F_ESC10": -1.9665570535841617,
        "ALPHA_ESC": 0.0690728650562058,
        "t_STAR": 0.1561488151943555,
        "SIGMA_SFR_LIM": 0.0,
        "M_TURN": 6.638434578695835
    },
    "37": {
        "random_seed": 37,
        "SIGMA_8": 0.8122458999991197,
        "L_X": 39.142920574071,
        "NU_X_THRESH": 1449.6802425413234,
        "F_STAR10": -2.489213332661571,
        "ALPHA_STAR": 0.793135268964358,
        "F_ESC10": -0.9459731978443653,
        "ALPHA_ESC": -0.6262249383950135,
        "t_STAR": 0.13825459971470003,
        "SIGMA_SFR_LIM": 0.0,
        "M_TURN": 6.463415562411138
    },
    "38": {
        "random_seed": 38,
        "SIGMA_8": 0.8110020459044309,
        "L_X": 39.51430344912453,
        "NU_X_THRESH": 1279.7327570897987,
        "F_STAR10": -1.5755425421473603,
        "ALPHA_STAR": -0.4062088621301617,